<?xml version="1.0" encoding="UTF-8"?>
<beans xmlns="http://www.springframework.org/schema/beans"
       xmlns:xsi="http://www.w3.org/2001/XMLSchema-instance"
       xmlns:context="http://www.springframework.org/schema/context"
       xsi:schemaLocation="http://www.springframework.org/schema/beans http://www.springframework.org/schema/beans/spring-beans.xsd http://www.springframework.org/schema/context https://www.springframework.org/schema/context/spring-context.xsd">

    <!--以下内容过去由MyBatis进行配置，现在由spring接管
            可以和SqlMapConfig.xml进行对比看。功能一样-->

    <!--读取属性文件jdbc.properties-->
    <context:property-placeholder location=
           "jdbc.properties"></context:property-placeholder>

    <!--创建数据源  绑定jdbc文件中的数据到连接池-->
    <bean id="dataSource" class="com.alibaba.druid.pool.DruidDataSource">
        <property name="driverClassName" value="${jdbc.driverClassName}"></property>
        <property name="url" value="${jdbc.url}"></property>
        <property name="username" value="${jdbc.username}"></property>
        <property name="password" value="${jdbc.password}"></property>
    </bean>

    <!--配置sqlsessionFactoryBean类-->
    <bean class="org.mybatis.spring.SqlSessionFactoryBean">
        <!--配置MyBatis的核心配置文件-->
        <property name="configLocation" value="SqlMapConfig.xml"></property>
        <!--配置数据源-->
        <property name="dataSource" ref="dataSource"></property>
        <!--注册实体类别名-->
        <property name="typeAliasesPackage" value="com.lucas.pojo"></property>
    </bean>

    <!--注册mapper.xml文件-->
    <bean class="org.mybatis.spring.mapper.MapperScannerConfigurer">
        <property name="basePackage" value="com.lucas.mapper"></property>
    </bean>



</beans>