<?xml version="1.0" encoding="UTF-8" ?> <!DOCTYPE configuration PUBLIC "-//mybatis.org//DTD Config 3.0//EN"
        "http://mybatis.org/dtd/mybatis-3-config.dtd">
<configuration>

    <!--读取属性文件中数据库的配置-->
   <!-- <properties resource="db.properties"></properties>-->
    <!--设置日志输出语句,显示相应操作的sql语名-->
    <settings>
        <setting name="logImpl" value="STDOUT_LOGGING"/>
    </settings>

    <!--<typeAliases>
        <package name="com.bjpowernode.pojo"></package>
    </typeAliases>-->

    <!--<environments default="development">
        <environment id="development">
            <transactionManager type="JDBC"/>
            <dataSource type="POOLED">
                <property name="driver" value="com.mysql.jdbc.Driver"/>
                <property name="url"
                          value="jdbc:mysql://localhost:3308/ssm?useSSL=false&amp;serverTimezone=UTC&amp;allowPublicKeyRetrieval=true"/>
                <property name="username" value="root"/>
                <property name="password" value="123456"/>
            </dataSource>
        </environment>
    </environments>-->

    <!--<mappers>
        <package name="mapper文件所在的包名"></package>
    </mappers>-->
</configuration>